Title,Link,Summary
Why “Dumbledore’s Army” Is the Best Track in the “Harry Potter” Films,https://www.mugglenet.com/2025/03/why-dumbledores-army-is-the-best-track-in-the-harry-potter-films/,"The editorial praises ""Dumbledore's Army"" by Nicholas Hooper as an anthem of defiance, hope, and empowerment in the Harry Potter film series, highlighting its thematic significance and emotional impact in reflecting the students' journey from uncertainty to strength and defiance."
Luna Lovegood Represents Hope for Neurodivergent Wizards and Muggles,https://www.mugglenet.com/2025/02/luna-lovegood-represents-hope-for-neurodivergent-wizards-and-muggles/,Luna Lovegood's character in the Harry Potter series serves as a representation of neurodivergent individuals and teaches a valuable lesson about embracing unique interests and perspectives.
A Comprehensive and Confusing Breakdown of “The Trace”,https://www.mugglenet.com/2025/02/a-comprehensive-and-confusing-breakdown-of-the-trace/,"The editorial discusses the inconsistencies and complexities surrounding the Trace in the Harry Potter series, highlighting the limitations of the magical monitoring system in detecting underage magic use outside of wizarding households."
How Four Different Sorting Hat Results Brought My Family Closer Together,https://www.mugglenet.com/2024/12/how-four-different-sorting-hat-results-brought-my-family-closer-together/,"Despite being Sorted into different Hogwarts Houses, the author and their family have found that their differences have become strengths, allowing them to work together effectively and create cherished memories through their shared love of Harry Potter."
The “Harry Potter” TV Show Needs Peeves,https://www.mugglenet.com/2024/10/the-harry-potter-tv-show-needs-peeves/,"The editorial discusses the popularity of the ""Despicable Me"" movies and suggests that the Minions could serve as an anarchic and absurdist humor element in the upcoming Harry Potter TV show."
Harry Potter Was a Generational Quidditch Star,https://www.mugglenet.com/2024/10/harry-potter-was-a-generational-quidditch-star/,"Harry Potter's decision to pursue a career in law enforcement instead of continuing his Quidditch career was a missed opportunity for the sport, as he displayed immense talent and potential as a superstar player during his time at Hogwarts."
The Tug of War Between Occlumency and Legilimency in The Second Wizarding War,https://www.mugglenet.com/2024/09/the-tug-of-war-between-occlumency-and-legilimency-in-the-second-wizarding-war/,"The editorial discusses the fascinating concepts of Legilimency and Occlumency in the Harry Potter Saga, highlighting how these mind games play a crucial role in the story's development and how characters like Severus Snape were able to deceive skilled Legilimens like Voldemort."
The “Harry Potter” TV Show Needs to Capture High School,https://www.mugglenet.com/2024/09/the-harry-potter-tv-show-needs-to-capture-high-school/,"The editorial argues that the upcoming Harry Potter TV show should capture the relatable high school experiences depicted in the movies, such as the Yule Ball scene in Goblet of Fire, to resonate with viewers."
Drarry is Gay Pride and Prejudice,https://www.mugglenet.com/2024/08/drarry-is-gay-pride-and-prejudice/,The editorial discusses the popularity and similarities between the Drarry ship in the Harry Potter fandom and the relationship between Elizabeth Bennet and Fitzwilliam Darcy in Jane Austen's Pride and Prejudice.
Here’s Proof That Voldemort Is Sort Of Stupid,https://www.mugglenet.com/2024/08/heres-proof-that-voldemort-is-sort-of-stupid/,"Voldemort is portrayed as a genius in many aspects, but his lack of emotional intelligence and impulsive decisions reveal a surprising level of stupidity."
"Can We Fix Hogwarts Quidditch, Please?",https://www.mugglenet.com/2024/07/can-we-fix-hogwarts-quidditch-please/,"Participation in school sports builds work ethic, teaches the importance of taking tasks seriously, provides an outlet for energy and competition, and is a fun experience, which is why Hogwarts should increase the frequency of their Quidditch matches to fully realize the benefits of the program."
"The Ministry of Magic Is A Terrible, Lawless Institution",https://www.mugglenet.com/2024/07/the-ministry-of-magic-is-a-terrible-lawless-institution/,"The editorial argues that the Wizarding World lacks proper democratic laws and governance, making it vulnerable to dictatorship and chaos."
The Wizarding World Has Plenty of Jobs,https://www.mugglenet.com/2024/06/the-wizarding-world-has-plenty-of-jobs/,"The editorial argues that there are many unseen jobs in the wizarding world that mirror Muggle occupations, such as wizard plumbers who understand the intersection of magic and conventional plumbing systems."
The “Harry Potter” Worldbuilding Detail that Haunts Me,https://www.mugglenet.com/2024/04/the-harry-potter-worldbuilding-detail-that-haunts-me/,"The author criticizes the worldbuilding in the Harry Potter series, comparing it to their own experience growing up in a small, insular community in Alabama."
Gilderoy Lockhart – A Queer Icon?,https://www.mugglenet.com/2024/04/gilderoy-lockhart-a-queer-icon/,"The editorial explores the possibility of Gilderoy Lockhart being a queer icon in the Harry Potter series due to his flamboyant demeanor, hidden complexities, and potential resonance with queer readers facing struggles with identity and societal expectations."
Addressing Urgent Reforms in the Wizarding World: A Focus on Goblins and Beyond,https://www.mugglenet.com/2024/03/addressing-urgent-reforms-in-the-wizarding-world-a-focus-on-goblins-and-beyond/,"The editorial highlights the need for comprehensive rights reform in the wizarding world, focusing on issues such as goblin rights, prison reform, treatment of squibs, and the justice system, in order to address marginalization and promote inclusivity and justice for all magical beings."
Percy Jackson and the Potter Implications,https://www.mugglenet.com/2024/03/percy-jackson-and-the-potter-implications/,"The Percy Jackson and the Olympians streaming series on Disney+ is a faithful adaptation of the original books, capturing the humor and suspense well, making it a must-watch for fans of young-adult real-world fantasy and an essential precursor to the upcoming Harry Potter TV series."
No “Harry Potter” Adaptation Can Live Up to the Books – and That’s Okay,https://www.mugglenet.com/2024/03/no-harry-potter-adaptation-can-live-up-to-the-books-and-thats-okay/,"The announcement of a new Harry Potter television series promises accuracy and faithfulness to the original books, sparking high expectations among fans, but the editorial argues that prioritizing accuracy in adaptations may come at a creative cost and that not every detail from the books should be included verbatim in the series."
How Harry Potter Shaped Our Childhood,https://www.mugglenet.com/2024/03/how-harry-potter-shaped-our-childhood/,"The editorial discusses how Harry Potter has had a profound impact on childhood, promoting a love for magic, reading, and imagination, as well as teaching important lessons about acceptance and diversity."
A Gay Dumbledore: Is Retconning a Cop-Out?,https://www.mugglenet.com/2023/12/a-gay-dumbledore-is-retconning-a-cop-out/,"The post-publication reveal of Albus Dumbledore's sexual orientation in the Harry Potter series sparks a debate on inclusivity in literature, with proponents arguing it represents a significant stride towards representation for the LGBTQ+ community, while detractors question the authenticity of the character's portrayal and its alignment with the original narrative"
"Fifth Year Harry Is Allowed to Be Angry, and So Are You",https://www.mugglenet.com/2023/11/fifth-year-harry-is-allowed-to-be-angry-and-so-are-you/,The editorial argues that Harry Potter's anger and frustration throughout the series are justified given the traumatic events he has experienced and the lack of support and understanding from those around him.
How Leta Lestrange Validated My Neurodivergent Childhood (and Adulthood),https://www.mugglenet.com/2023/11/how-leta-lestrange-validated-my-neurodivergent-childhood-and-adulthood/,"The editorial discusses how the character Leta Lestrange from the Wizarding World universe, particularly in Fantastic Beasts: The Crimes of Grindelwald, resonates with the author's experience as a neurodivergent individual who has felt like an outcast and misunderstood, highlighting the importance of"
Turn to Page 394: “Harry Potter and the Half-Blood Prince” Edition,https://www.mugglenet.com/2023/07/turn-to-page-394-harry-potter-and-the-half-blood-prince-edition/,"The editorial discusses the ongoing series of ""Turn to Page 394"" lessons based on different Harry Potter books, with the current focus being on a scene from Harry Potter and the Half-Blood Prince involving Ron's birthday and a love potion mix-up."
Turn to Page 394: “Harry Potter and the Order of the Phoenix” Edition,https://www.mugglenet.com/2023/06/turn-to-page-394-harry-potter-and-the-order-of-the-phoenix-edition/,"The editorial explores lessons found on page 394 in the Harry Potter series, with a focus on the fifth book, Harry Potter and the Order of the Phoenix."
Evanna Lynch’s “The Opposite of Butterfly Hunting” Made My Heart Flutter,https://www.mugglenet.com/2023/05/evanna-lynchs-the-opposite-of-butterfly-hunting-made-my-heart-flutter/,"The editorial discusses Evanna Lynch's book ""The Opposite of Butterfly Hunting,"" which delves into sensitive topics such as eating disorders, self-harm, and sexual assault, providing a warning to readers to proceed with caution."
Wizarding WReform: Werewolf Rights,https://www.mugglenet.com/2023/04/wizarding-wreform-werewolf-rights/,"The editorial argues that the wizarding world needs to repeal anti-werewolf legislation, combat prejudice, and provide necessary resources and accommodations to allow werewolves to live safe, full, and productive lives."
Wizarding WReform: Elf Rights,https://www.mugglenet.com/2023/04/wizarding-wreform-elf-rights/,"Readers are disappointed by the existence of elf slavery in the wizarding world, but recognize that change is possible over time through small acts of empathy and regulation by the Ministry of Magic."
Wizarding WReform: Goblin Rights,https://www.mugglenet.com/2023/04/wizarding-wreform-goblin-rights/,"The editorial argues that goblins at Hogwarts face oppression and disrespect from wizards, and proposes reforms such as introducing magical contracts for goblin-made treasures and promoting exchange of knowledge between goblins and wizards to create a more equitable relationship in magical society."
Wizarding WReform: Justice System,https://www.mugglenet.com/2023/04/wizarding-wreform-justice-system/,"The wizarding world's justice system should be reformed to include rights during trials, protections for minors, reevaluation of the Decree for the Reasonable Restriction of Underage Sorcery, and a more humane approach to Azkaban, with proper legal counsel and guardianship for minors."
Wizarding WReform: Hogwarts Curriculum Revision,https://www.mugglenet.com/2023/04/wizarding-wreform-hogwarts-curriculum-revision/,The editorial argues that Hogwarts should revise its curriculum to include required courses like Muggle Studies to improve the education and understanding of students in the wizarding world.
Wizarding WReform: Squib Rights,https://www.mugglenet.com/2023/04/wizarding-wreform-squib-rights/,"The editorial discusses the challenges and discrimination faced by Squibs in the wizarding world, questioning the lack of support and opportunities for them within the magical community, suggesting that Muggle Studies could provide them with valuable knowledge and skills for a successful life outside of the magical realm."
Wizarding WReform: Magical and Muggle Cooperation,https://www.mugglenet.com/2023/04/wizarding-wreform-magical-and-muggle-cooperation/,The editorial argues that wizards should consider collaborating with Muggles in a discreet manner to help address global issues and improve the lives of both communities.
Why the Hogwarts Express Is the Best Method for Transporting Students,https://www.mugglenet.com/2023/03/why-the-hogwarts-express-was-the-best-method-for-transporting-hogwarts-students/,The Hogwarts Express serves as a neutral and bonding place for students from both magical and Muggle backgrounds to form friendships and create lasting memories before arriving at Hogwarts.
Turn to Page 394: “Harry Potter and the Goblet of Fire” Edition,https://www.mugglenet.com/2023/03/turn-to-page-394-harry-potter-and-the-goblet-of-fire-edition/,"The editorial explores the lessons and events found on page 394 in the Harry Potter series, focusing on the nerve-racking Yule Ball and the adolescent timidness of Harry and Ron in Harry Potter and the Goblet of Fire."
Turn to Page 394: “Harry Potter and the Prisoner of Azkaban” Edition,https://www.mugglenet.com/2023/01/turn-to-page-394-harry-potter-and-the-prisoner-of-azkaban-edition/,"The editorial explores the significance of Professor Snape's iconic line ""Turn to page 394"" in Harry Potter and the Prisoner of Azkaban and delves into the potential lessons that can be learned from this specific page number in the series."
Why Omitting Voldemort’s History in the “Harry Potter” Films Was a Mistake,https://www.mugglenet.com/2023/01/why-omitting-voldemorts-history-in-the-harry-potter-films-was-a-mistake/,"The editorial criticizes the decision to cut the Pensieve scenes in Harry Potter and the Half-Blood Prince, arguing that they were crucial in understanding Voldemort's background and motivations."
Why Is the Marauders Era so Appealing to Gen Z?,https://www.mugglenet.com/2022/12/why-is-the-marauders-era-so-appealing-to-gen-z/,"The appeal of the Marauders era to Generation Z lies in the sense of found family and close-knit friendships it offers, providing an escape from the loneliness and lack of connection experienced by many in the younger population."
Was Lupin’s Desire to Join Harry Cowardice or Heroism?,https://www.mugglenet.com/2022/11/was-lupins-desire-to-join-harry-cowardice-or-heroism/,"The editorial discusses the complex motivations behind Remus Lupin's decision to join Harry, Ron, and Hermione on their mission, highlighting the struggle between protecting his family and contributing to the fight against Voldemort."
"Gryffindor House Dichotomies: Opinionated, Pride, Moral Goodness",https://www.mugglenet.com/2022/09/gryffindor-house-dichotomies-opinionated-pride-moral-goodness/,"The editorial explores the dichotomies between Hogwarts Houses, with a focus on Gryffindor and Slytherin, ultimately concluding that pride is the shared trait between the two houses."
"Slytherin House Dichotomies: Pride, Loyalty, Ambition",https://www.mugglenet.com/2022/09/slytherin-house-dichotomies-pride-loyalty-ambition/,"The editorial explores the dichotomies between Hogwarts Houses, specifically focusing on Slytherin House and its prominent trait of pride."
